Altaria-Mega (altaria-mega)
Pecharunt (pecharunt)
Steelix-Mega (steelix-mega)
Sandy Shocks (sandy-shocks-sandy)
Iron Hands (iron-hands-iron)
Audino-Mega (audino-mega)
Iron Crown (iron-crown-iron)
Hoopa-Hoopa (hoopa-hoopa)
Swampert-Mega (swampert-mega)
Walking Wake (walking-wake-walking)
Camerupt-Mega (camerupt-mega)
Flabébé (flabebe-flabébé)
Darmanitan-Galarian (darmanitan-galarian)
Greninja-Ash-Greninja (greninja-ash-greninja)
Tapu Koko (tapu-koko-tapu)
Roaring Moon (roaring-moon-roaring)
Iron Jugulis (iron-jugulis-iron)
Iron Bundle (iron-bundle-iron)
Tapu Lele (tapu-lele-tapu)
Beedrill-Mega (beedrill-mega)
Iron Boulder (iron-boulder-iron)
Gallade-Mega (gallade-mega)
Urshifu-Single (urshifu-single)
Urshifu-Rapid (urshifu-rapid)
Iron Leaves (iron-leaves-iron)
Mime Jr. (mime-jr-mime)
Farfetch'd (farfetchd-farfetch'd)
Farfetch'd-Galarian (farfetchd-galarian)
Brute Bonnet (brute-bonnet-brute)
Calyrex-Ice (calyrex-ice)
Calyrex-Shadow (calyrex-shadow)
Nidoran♀ (female)-Nidoran♀ (nidoran-f-nidoran♀)
Lopunny-Mega (lopunny-mega)
Sirfetch'd (sirfetchd-sirfetch'd)
Pikachu-Partner (pikachu-partner)
Groudon-Primal (groudon-primal)
Flutter Mane (flutter-mane-flutter)
Mr. Mime (mr-mime-mr.)
Mr. Mime-Galarian (mr-mime-galarian)
Necrozma-Dusk (necrozma-dusk)
Necrozma-Dawn (necrozma-dawn)
Necrozma-Ultra (necrozma-ultra)
Mewtwo-Mega (mewtwo-mega)
Mr. Rime (mr-rime-mr.)
Diancie-Mega (diancie-mega)
Rayquaza-Mega (rayquaza-mega)
Slither Wing (slither-wing-slither)
Rockruff-Own (rockruff-own)
Toxtricity-Low (toxtricity-low)
Iron Thorns (iron-thorns-iron)
Zygarde-50% (zygarde-50%)
Zygarde-10% (zygarde-10%)
Eevee-Partner (eevee-partner)
Morpeko-Full (morpeko-full)
Type: Null (type-null-type:)
Charizard-Mega (charizard-mega)
Nidoran♂ (male)-Nidoran♂ (nidoran-m-nidoran♂)
Scream Tail (scream-tail-scream)
Iron Valiant (iron-valiant-iron)
Maushold-Family (maushold-family)
Great Tusk (great-tusk-great)
Iron Treads (iron-treads-iron)
Tapu Bulu (tapu-bulu-tapu)
Tapu Fini (tapu-fini-tapu)
Sceptile-Mega (sceptile-mega)
Gouging Fire (gouging-fire-gouging)
Kyogre-Primal (kyogre-primal)
Iron Moth (iron-moth-iron)
Raging Bolt (raging-bolt-raging)
Oricorio-Pa'u (oricorio-pa'u)
Pidgeot-Mega (pidgeot-mega)
